,path,image_id,label,label_idx,B_M,M_M,N_M,B_BR,M_MR,N_NR,B_BM,M_BM,B_BN,N_BN,M_MN,N_MN,B_conf,M_conf,N_conf
424,/media/arthur/Data/PROJET/journal/dataset/multi/TEST/MEL/ISIC_0032797.jpg,ISIC_0032797.jpg,MEL,1,0.05829345,0.48051962,0.46118698,3.3900203e-06,0.948958,0.040547546,0.0018909879,0.998109,0.5491477,0.45085233,0.9949196,0.0050803497,0.05829006,0.46843836,0.42063943
