,path,image_id,label,label_idx,B_M,M_M,N_M,B_BR,M_MR,N_NR,B_BM,M_BM,B_BN,N_BN,M_MN,N_MN,B_conf,M_conf,N_conf
347,/media/arthur/Data/PROJET/journal/dataset/multi/TEST/MEL/ISIC_0025188.jpg,ISIC_0025188.jpg,MEL,1,0.19234364,0.44531927,0.3623371,2.5395346e-05,0.11347248,0.5862221,0.17993376,0.8200663,0.81589967,0.18410034,0.38979933,0.61020064,0.19231825,0.33184677,0.223885
