,path,image_id,label,label_idx,B_M,M_M,N_M,B_BR,M_MR,N_NR,B_BM,M_BM,B_BN,N_BN,M_MN,N_MN,B_conf,M_conf,N_conf
365,/media/arthur/Data/PROJET/journal/dataset/multi/TEST/MEL/ISIC_0032569.jpg,ISIC_0032569.jpg,MEL,1,0.44564682,0.39940518,0.15494797,0.06108741,0.02994467,0.25278625,0.69025505,0.30974498,0.6540836,0.3459164,0.80614936,0.19385064,0.38455942,0.36946052,0.09783828
