,path,image_id,label,label_idx,B_M,M_M,N_M,B_BR,M_MR,N_NR,B_BM,M_BM,B_BN,N_BN,M_MN,N_MN,B_conf,M_conf,N_conf
350,/media/arthur/Data/PROJET/journal/dataset/multi/TEST/MEL/ISIC_0031499.jpg,ISIC_0031499.jpg,MEL,1,0.0446039,0.49116224,0.46423388,0.023724282,0.08418439,0.014172378,0.0066159377,0.99338406,0.6478628,0.35213715,0.9773259,0.022674162,0.020879617,0.40697783,0.4500615
